cemaphoenix,4:56 PM - 6 Jul 2015,,#USA!!! #FIFAWWC,congratulations
MissyMiel,4:48 PM - 6 Jul 2015,,#FIFAWWC #JPN #USA #CIV #NOR,goal of the my choice is carli lloyd goal vs but goal is right behind vs
SaraAlcid,4:44 PM - 6 Jul 2015,http://action.momsrising.org/sign/EqualPlay?source=tw,#FIFA #EqualPay #LevelThePlayingField #SheBelieves #FIFAWWC #USA,tell exec committee for equal play
JanManimoi,4:34 PM - 6 Jul 2015,http://bbc.in/1NJstBP,#USA #FIFAWWC,world cup winnersget the full
aftncanada,4:33 PM - 6 Jul 2015,https://www.flickr.com/photos/aftncanada/sets/72157653182198964,#FIFAWWC #USA,icymi our photos from final at bc place lots of happy
HayesCreech,4:23 PM - 6 Jul 2015,http://chicagotribune.com/sports/soccer/ct-red-stars-world-cup-20150706-story.html,#crs07 #FIFAWWC #USA:,nice piece chicagoland reactions to winning the
HayesCreech,4:09 PM - 6 Jul 2015,,#letour #USA? #FIFAWWC,who has on tv in the i was cought up in and forgot that even started
dhkeller,3:59 PM - 6 Jul 2015,http://en.fifa.com/womensworldcup/news/y=2015/m=7/news=pride-and-lament-for-dethroned-queens-2661343.html?cid=twitter_button,#FIFAWWC... #Nadeshiko #JPN.,the day after comments from the focused on development mental fortitude
dhkeller,3:48 PM - 6 Jul 2015,http://fifa.to/1ClxP55,#FIFAWWC #USA,goals made records broken job well done ladies read about it
chicagoredstars,3:36 PM - 6 Jul 2015,http://i100.io/izRbifW,#FIFAWWC #Lionesses #ENG,this advert is the perfect tribute to football team
YLWAries,3:30 PM - 6 Jul 2015,https://instagram.com/p/4z7-r0Gxpz/,#USA #FIFAWWC,like an american
SeanyWang,3:25 PM - 6 Jul 2015,http://www.cbc.ca/m/news/topstories/england-fifa-sexist-tweet-1.3139707,#usa #FIFAWWC,while celebrates the interns are all looking for new placements
SmartCircleIntl,2:54 PM - 6 Jul 2015,,#USA #soccer #uswmnt #fifawwc #cityacademystl,the soccer team has inspired us to get out and play today
SimplySuvo92,2:53 PM - 6 Jul 2015,http://www.bellmedia.ca/pr/press/fifa-womens-world-cup-canada-2015-wraps-up-with-record-audience-numbers-on-ctv-tsn-and-rds/,#FIFAWWC #CanWNT. #CanMNT #GoldCup. #CAN,way to go canada tremendous audiences for now to show some love at the
Sasha_Prendes,2:51 PM - 6 Jul 2015,http://s.oregonlive.com/qjrDgnF,#BAONPDX #FIFAWWC #USA,portland thorns defender kat williamson calls world cup final
Adam13Goodwin,2:50 PM - 6 Jul 2015,http://worldsoc.cr/1dHZTnt,#USWNT's #FIFAWWC #USA,will be discussing the win at on espn sports radio listen
CityAcademy,2:38 PM - 6 Jul 2015,,#USA #amazing #FIFAWWC,the day after and still on cloud great job ladies
MLeach680News,2:30 PM - 6 Jul 2015,http://s.oregonlive.com/CtKckfV,#BAONPDX #FIFAWWC #USA #JPN,fifa world by the numbers
Jamiebgoldberg,2:29 PM - 6 Jul 2015,http://on.si.com/BrianWWCFinal,#USA #FIFAWWC,how morgan mf role set the in motion toward a title
worldsoccertalk,2:15 PM - 6 Jul 2015,http://ble.ac/1CWHidN,#USA #ENG #FIFAWWC,lifted the trophy but explains why was his team of the
Lule_07,2:13 PM - 6 Jul 2015,https://instagram.com/p/4zzN6OnzUx/,#USWNT #Champions #FIFAWWC #3stars #USA,google is awesome
AYBSportsbook,2:10 PM - 6 Jul 2015,http://ow.ly/Pev9h,#USA #FIFAWWC,the women won the can the men triumph at the goldcup wager and win on your favorites us welcome
HoustonDash,2:10 PM - 6 Jul 2015,https://youtu.be/zhrY9jkK0WU,#FIFAWWC #USA,this is what happens when a crowd gathers to enjoy a little on sunday
HarJournalist,2:07 PM - 6 Jul 2015,,#Vancouver. #USA #USWNT #FIFAWWC,the and newspapers today in
TheLynnRobinson,2:06 PM - 6 Jul 2015,,üèº#FIFAWWC #USA,why is no one talking about how amazing sarah arms are in that pic
NYinstant,2:03 PM - 6 Jul 2015,,#USA #WomensWorldCup #FIFAWWC,now that the won the americans can go back to admitting that they actually like the sport
dpscrm,1:59 PM - 6 Jul 2015,http://bit.ly/1KM8KS2,#FIFAWWC #USA #JPN,did you watch the final see how the v conversations played out on twitter in this heat map
Cnyari,1:56 PM - 6 Jul 2015,http://www.sbnation.com/2015/7/6/8900299/more-americans-watched-the-womens-world-cup-final-than-the-nba-finals,#FIFAWWC #USA,final beat both the nba and nhl finals in tv ratings and set new record for us soccer viewership
PrimoFox,1:55 PM - 6 Jul 2015,http://bit.ly/1JPgOjt http://bit.ly/1M8xLFP,#USA #FIFAWWC,moment when realized what she had accomplished
ChattanoogaZoo,1:53 PM - 6 Jul 2015,,#USWNT! #CHA #FIFAWWC #USA,congrats the wait to watch you play in next month
GrindTimeTV,1:52 PM - 6 Jul 2015,http://grindtimetv.com/news/u-s-womens-national-team-win-the-2015-fifa-womens-world-cup-vs-japan,#FIFAWWC #USA,us national team win the fifa world cup vs japan
TongueTT,1:44 PM - 6 Jul 2015,http://m.bbc.com/sport/football/33404356,#FIFAWWC #GER #Lionesses,final column from on beating and amazing character of
AP_Sports,1:44 PM - 6 Jul 2015,http://apne.ws/1NJzEJE,#USA #FIFAWWC,enjoys final world cup title celebration before leaving canada
Six8One,1:43 PM - 6 Jul 2015,http://trib.al/wISz0wL,#soccer #match #US #history. #FIFA #women's #FiFAWWC #Football #USA,in will devote more to soccer
Arunfoot,1:40 PM - 6 Jul 2015,http://bit.ly/1NJBOJk http://fb.me/2GvdSO1Lx,#Nike: #US #USA #FIFAWWC,video the third star for the national team
PuckedInTheHead,1:33 PM - 6 Jul 2015,http://ow.ly/i/bG5W1,#FIFAWWC #ENG #6,looking back at the one hopes gets remembered for some stellar defensive too
JayRushRadio,1:33 PM - 6 Jul 2015,http://1049thehawk.com/team-usas-carli-lloyd-scores-an-unbelievable-goal-in-last-nights-world-cup-final/,#USA #FIFAWWC,carli lloyd from team scores an amazing goal in last final
CamelliaSen,1:28 PM - 6 Jul 2015,,#USA #JPN #FIFAWWC,million watched defeat on fox to win the world cup the final is most watched soccer match in us history
